{
  "source": "/home/chenshuai/Project/output/foresight_ckpt/latent_foresight_board_260609_260610_multistep16_boardvae_marker_only_e100_bs16_preload/figures/val_prediction_examples.npz",
  "num_windows": 32,
  "cached_horizon": 16,
  "horizons": [
    1,
    4,
    8,
    12,
    16
  ],
  "latent_mae": [
    0.1670430454108403,
    0.1880142505852152,
    0.22976852175298113,
    0.26050996447944874,
    0.273686605418637
  ],
  "latent_mae_sem": [
    0.019410803978829223,
    0.026216418110015932,
    0.05637977532231457,
    0.0700198004240354,
    0.06902576385555978
  ],
  "latent_cosine": [
    0.9993184738047154,
    0.9988874672470416,
    0.9965233685008824,
    0.9951769706649396,
    0.9952533637402506
  ],
  "latent_cosine_sem": [
    0.0001637781227645351,
    0.00045320048166779317,
    0.002539773080444217,
    0.0037192234282247046,
    0.003515880026364335
  ],
  "marker_reconstruction_error_px": [
    0.2130411185396501,
    0.29702132879386134,
    0.3173622597181034,
    0.3519459137672435,
    0.377328184195484
  ],
  "marker_reconstruction_error_px_sem": [
    0.03159521151100346,
    0.05189222006461936,
    0.08605283354667607,
    0.0991545127480429,
    0.10351487883683534
  ]
}